date,order_id,customer_id,picker_id,article_id,quantity,line_weight,kolli_volume,aisle,house,picklocation,start_sec,end_sec,order_date,due_date,length,width,height,kolli_size
0,G0102-000001,generated-day-1,,A00066,12,11.033,20.723,8,41,4102,,,7200.0,28800.0,328.0,243.0,260.0,12
0,G0102-000001,generated-day-1,,A00753,6,6.438,10.439,2,7,704,,,7200.0,28800.0,220.0,148.0,296.0,6
0,G0102-000001,generated-day-1,,A00659,24,12.575,19.577,4,16,1602,,,7200.0,28800.0,400.0,270.0,170.0,24
0,G0102-000001,generated-day-1,,A00907,6,9.522,17.063,7,15,1500,,,7200.0,28800.0,281.0,188.0,323.0,6
0,G0102-000001,generated-day-1,,A01100,6,9.239,16.759,7,26,2604,,,7200.0,28800.0,174.0,261.0,333.0,6
0,G0102-000001,generated-day-1,,A01087,6,8.056,13.755,7,12,1204,,,7200.0,28800.0,257.0,171.0,313.0,6
0,G0102-000001,generated-day-1,,A00171,21,4.825,78.239,7,0,2,,,7200.0,28800.0,390.0,590.0,292.0,21
0,G0102-000001,generated-day-1,,A00875,6,9.236,14.164,7,27,2704,,,7200.0,28800.0,262.0,170.0,318.0,6
0,G0102-000001,generated-day-1,,A00664,12,12.984000000000002,10.875,8,35,3500,,,7200.0,28800.0,237.0,161.0,285.0,6
0,G0102-000001,generated-day-1,,A00623,24,25.316,12.585,8,28,2802,,,7200.0,28800.0,166.0,249.0,316.0,6
0,G0102-000001,generated-day-1,,A00608,6,5.143,9.842,1,34,3402,,,7200.0,28800.0,263.0,189.0,198.0,6
0,G0102-000001,generated-day-1,,A00708,24,12.546,22.163,4,28,2802,,,7200.0,28800.0,405.0,270.0,175.0,24
0,G0102-000001,generated-day-1,,A00298,6,9.526,20.66,3,5,504,,,7200.0,28800.0,302.0,199.0,318.0,6
0,G0102-000001,generated-day-1,,A00781,13,65.637,8.198,8,49,4902,,,7200.0,28800.0,247.0,166.0,283.0,1
0,G0102-000001,generated-day-1,,A00155,72,19.767000000000003,10.019,5,19,1904,,,7200.0,28800.0,330.0,220.0,138.0,24
0,G0102-000001,generated-day-1,,A01057,4,6.176,11.64,7,33,3304,,,7200.0,28800.0,196.0,196.0,303.0,4
0,G0102-000001,generated-day-1,,A00146,6,9.192,16.546,8,17,1700,,,7200.0,28800.0,265.0,175.0,355.0,6
0,G0102-000001,generated-day-1,,A00639,12,4.202,6.888,6,3,302,,,7200.0,28800.0,280.0,205.0,120.0,12
0,G0102-000001,generated-day-1,,A00467,24,12.546,22.163,4,28,2802,,,7200.0,28800.0,405.0,270.0,175.0,24
0,G0102-000001,generated-day-1,,A00304,6,6.892,11.572,2,23,2304,,,7200.0,28800.0,234.0,157.0,315.0,6
0,G0102-000001,generated-day-1,,A00555,6,4.869,9.178,8,44,4400,,,7200.0,28800.0,217.0,145.0,278.0,6
0,G0102-000001,generated-day-1,,A01212,6,7.729,14.427,8,36,3600,,,7200.0,28800.0,269.0,178.0,310.0,6
0,G0102-000001,generated-day-1,,A00497,6,2.843,31.6,6,37,3704,,,7200.0,28800.0,590.0,260.0,206.0,6
0,G0102-000001,generated-day-1,,A01059,6,6.732000000000001,12.614,3,24,2400,,,7200.0,28800.0,249.0,170.0,298.0,6
0,G0102-000001,generated-day-1,,A00884,6,12.794,17.194,6,18,1800,,,7200.0,28800.0,290.0,195.0,280.0,6
0,G0102-000001,generated-day-1,,A00253,48,49.568,10.568,8,29,2902,,,7200.0,28800.0,240.0,160.0,272.0,6
0,G0102-000001,generated-day-1,,A00535,6,13.387999999999998,21.938,5,13,1300,,,7200.0,28800.0,440.0,277.0,180.0,6
0,G0102-000001,generated-day-1,,A00386,12,18.882,14.95,8,16,1600,,,7200.0,28800.0,175.0,263.0,328.0,6
0,G0103-000001,generated-day-1,,A00840,6,7.138,12.91,3,10,1004,,,7200.0,32400.0,240.0,163.0,330.0,6
0,G0103-000001,generated-day-1,,A00149,16,24.924,12.261,7,37,3702,,,7200.0,32400.0,196.0,196.0,300.0,4
0,G0103-000001,generated-day-1,,A00427,6,9.282,17.06,7,15,1502,,,7200.0,32400.0,174.0,261.0,333.0,6
0,G0103-000001,generated-day-1,,A00846,24,8.486,6.707,6,3,300,,,7200.0,32400.0,281.0,204.0,117.0,12
0,G0103-000001,generated-day-1,,A00205,12,18.808,13.829,7,3,300,,,7200.0,32400.0,255.0,170.0,319.0,6
0,G0103-000001,generated-day-1,,A00061,6,6.462,9.196,8,29,2900,,,7200.0,32400.0,238.0,159.0,243.0,6
0,G0103-000001,generated-day-1,,A01080,12,15.094000000000001,13.608,1,12,1202,,,7200.0,32400.0,235.0,155.0,335.0,6
0,G0103-000001,generated-day-1,,A00870,24,13.113,19.175,5,10,1004,,,7200.0,32400.0,406.0,270.0,170.0,24
0,G0103-000001,generated-day-1,,A00315,18,19.029,9.634,8,32,3200,,,7200.0,32400.0,220.0,147.0,279.0,6
0,G0103-000001,generated-day-1,,A01013,12,10.937,20.872,8,42,4202,,,7200.0,32400.0,360.0,244.0,150.0,12
0,G0103-000001,generated-day-1,,A00491,12,12.703,19.484,4,13,1300,,,7200.0,32400.0,370.0,190.0,210.0,12
0,G0103-000001,generated-day-1,,A00221,6,7.135,13.217,1,14,1404,,,7200.0,32400.0,229.0,154.0,330.0,6
0,G0103-000001,generated-day-1,,A01114,8,12.462,12.261,7,37,3702,,,7200.0,32400.0,196.0,196.0,300.0,4
0,G0103-000001,generated-day-1,,A00765,6,9.304,14.5,8,35,3504,,,7200.0,32400.0,260.0,172.0,320.0,6
0,G0103-000001,generated-day-1,,A00436,6,7.622,15.395,3,39,3904,,,7200.0,32400.0,264.0,179.0,307.0,6
0,G0103-000001,generated-day-1,,A00523,25,5.58,75.687,7,0,4,,,7200.0,32400.0,400.0,600.0,280.0,25
0,G0103-000001,generated-day-1,,A00513,30,63.85500000000001,17.362,6,22,2200,,,7200.0,32400.0,290.0,195.0,280.0,6
0,G0103-000001,generated-day-1,,A01153,24,8.365,13.384,5,25,2500,,,7200.0,32400.0,355.0,235.0,149.0,24
0,G0103-000001,generated-day-1,,A00524,6,9.312,15.54,7,19,1904,,,7200.0,32400.0,176.0,264.0,316.0,6
0,G0103-000001,generated-day-1,,A00552,6,9.318,15.64,7,14,1404,,,7200.0,32400.0,176.0,264.0,316.0,6
0,G0103-000001,generated-day-1,,A01181,6,3.7560000000000002,7.351,3,33,3301,,,7200.0,32400.0,202.0,137.0,236.0,6
0,G0103-000001,generated-day-1,,A00832,12,18.432,17.315,8,6,602,,,7200.0,32400.0,265.0,175.0,355.0,6
0,G0103-000001,generated-day-1,,A00186,18,27.699,16.332,7,26,2602,,,7200.0,32400.0,270.0,180.0,340.0,6
0,G0103-000001,generated-day-1,,A00204,24,12.936,19.886,4,21,2102,,,7200.0,32400.0,410.0,273.0,173.0,24
0,G0103-000001,generated-day-1,,A01173,60,93.53,14.81,7,5,504,,,7200.0,32400.0,261.0,173.0,328.0,6
0,G0103-000001,generated-day-1,,A00386,6,9.441,14.95,8,16,1600,,,7200.0,32400.0,175.0,263.0,328.0,6
0,G0103-000001,generated-day-1,,A00482,48,17.144,12.807,5,31,3102,,,7200.0,32400.0,355.0,236.0,150.0,24
0,G0103-000001,generated-day-1,,A01252,36,55.956,13.754,7,28,2804,,,7200.0,32400.0,260.0,172.0,320.0,6
0,G0103-000001,generated-day-1,,A00486,6,6.962,10.619,2,40,4000,,,7200.0,32400.0,237.0,167.0,291.0,6
0,G0103-000001,generated-day-1,,A00390,4,6.1,13.115,7,35,3504,,,7200.0,32400.0,215.0,200.0,305.0,4
0,G0103-000001,generated-day-1,,A00882,6,7.5489999999999995,14.631,1,18,1802,,,7200.0,32400.0,268.0,179.0,305.0,6
0,G0103-000001,generated-day-1,,A00156,12,12.894,11.427,8,38,3802,,,7200.0,32400.0,243.0,165.0,285.0,6
0,G0103-000001,generated-day-1,,A00100,12,18.464,14.578,8,36,3602,,,7200.0,32400.0,260.0,172.0,320.0,6
0,G0103-000001,generated-day-1,,A00813,6,6.334,9.827,8,36,3604,,,7200.0,32400.0,232.0,154.0,263.0,6
0,G0103-000001,generated-day-1,,A00713,24,6.311,9.632,5,39,3902,,,7200.0,32400.0,330.0,220.0,138.0,24
0,G0103-000001,generated-day-1,,A01189,6,9.416,13.811,8,20,2000,,,7200.0,32400.0,278.0,184.0,270.0,6
0,G0103-000001,generated-day-1,,A00243,6,7.726000000000001,14.598,7,35,3502,,,7200.0,32400.0,269.0,178.0,310.0,6
0,G0103-000001,generated-day-1,,A00512,24,5.242,4.441,6,1,102,,,7200.0,32400.0,224.0,168.0,118.0,12
0,G0103-000001,generated-day-1,,A00876,12,15.852,14.424,8,30,3002,,,7200.0,32400.0,282.0,186.0,275.0,6
0,G0103-000001,generated-day-1,,A01015,24,8.523,13.595,5,1,102,,,7200.0,32400.0,409.0,277.0,120.0,24
0,G0103-000001,generated-day-1,,A00371,24,9.566,16.602,3,13,1300,,,7200.0,32400.0,340.0,230.0,205.0,24
0,G0103-000001,generated-day-1,,A00404,12,3.1980000000000004,5.231,6,13,1304,,,7200.0,32400.0,227.0,167.0,138.0,12
0,G0103-000001,generated-day-1,,A00984,24,8.334,13.34,5,42,4202,,,7200.0,32400.0,305.0,206.0,288.0,24
0,G0103-000001,generated-day-1,,A00907,6,9.522,17.063,7,15,1500,,,7200.0,32400.0,281.0,188.0,323.0,6
0,G0103-000001,generated-day-1,,A00326,24,6.596,10.157,4,20,2062,,,7200.0,32400.0,337.0,220.0,137.0,24
0,G0103-000001,generated-day-1,,A00171,21,4.825,78.239,7,0,2,,,7200.0,32400.0,390.0,590.0,292.0,21
0,G0103-000001,generated-day-1,,A00366,6,8.367,16.68,2,34,3400,,,7200.0,32400.0,270.0,180.0,309.0,6
0,G0103-000001,generated-day-1,,A00928,6,7.96,13.352,7,19,1900,,,7200.0,32400.0,255.0,170.0,308.0,6
0,G0103-000001,generated-day-1,,A00438,8,4.098,6.336,2,30,3004,,,7200.0,32400.0,237.0,117.0,219.0,8
0,G0103-000001,generated-day-1,,A00063,8,6.84,87.451,6,42,4200,,,7200.0,32400.0,742.0,293.0,405.0,8
0,G0103-000001,generated-day-1,,A00939,96,49.85199999999999,19.683,5,4,402,,,7200.0,32400.0,400.0,270.0,169.0,24
0,G0103-000001,generated-day-1,,A00124,6,9.257,17.136,8,21,2102,,,7200.0,32400.0,266.0,178.0,340.0,6
0,G0103-000001,generated-day-1,,A00121,120,189.04,14.002,7,21,2102,,,7200.0,32400.0,299.0,201.0,293.0,6
0,G0103-000001,generated-day-1,,A00831,6,7.693,13.899,2,27,2704,,,7200.0,32400.0,250.0,165.0,310.0,6
0,G0103-000001,generated-day-1,,A00279,12,2.621,4.441,6,1,102,,,7200.0,32400.0,224.0,168.0,118.0,12
0,G0103-000001,generated-day-1,,A00555,6,4.869,9.178,8,44,4400,,,7200.0,32400.0,217.0,145.0,278.0,6
0,G0103-000001,generated-day-1,,A00901,24,8.554,13.158,5,35,3500,,,7200.0,32400.0,360.0,240.0,150.0,24
0,G0103-000001,generated-day-1,,A00531,6,6.351,12.253,8,47,4702,,,7200.0,32400.0,244.0,174.0,246.0,6
0,G0103-000001,generated-day-1,,A00940,6,6.641,12.338,8,38,3800,,,7200.0,32400.0,249.0,167.0,278.0,6
0,G0103-000001,generated-day-1,,A01240,12,5.193,9.147,3,39,3900,,,7200.0,32400.0,239.0,184.0,208.0,12
0,G0103-000001,generated-day-1,,A00970,24,12.427,18.699,5,16,1600,,,7200.0,32400.0,395.0,265.0,180.0,24
0,G0103-000001,generated-day-1,,A01106,6,7.825,14.132,8,23,2300,,,7200.0,32400.0,255.0,170.0,305.0,6
0,G0103-000001,generated-day-1,,A00839,4,6.236,11.956,7,42,4200,,,7200.0,32400.0,360.0,243.0,150.0,4
0,G0103-000001,generated-day-1,,A00981,6,6.427,13.138,8,48,4804,,,7200.0,32400.0,277.0,186.0,255.0,6
0,G0103-000001,generated-day-1,,A01012,6,9.224,17.611,8,20,2002,,,7200.0,32400.0,265.0,175.0,355.0,6
0,G0103-000001,generated-day-1,,A00551,6,9.348,16.313,7,13,1300,,,7200.0,32400.0,265.0,175.0,330.0,6
0,G0103-000001,generated-day-1,,A00461,6,4.972,8.206,4,3,302,,,7200.0,32400.0,201.0,139.0,306.0,6
0,G0103-000001,generated-day-1,,A00081,6,7.105,12.37,2,14,1404,,,7200.0,32400.0,237.0,161.0,314.0,6
0,G0103-000001,generated-day-1,,A00167,12,16.27,14.172,7,24,2404,,,7200.0,32400.0,252.0,168.0,327.0,6
0,G0103-000001,generated-day-1,,A00790,12,12.847999999999999,12.018,8,42,4204,,,7200.0,32400.0,250.0,170.0,290.0,6
0,G0105-000001,generated-day-1,,A00664,54,58.428000000000004,10.875,8,35,3500,,,7200.0,39600.0,237.0,161.0,285.0,6
0,G0105-000001,generated-day-1,,A00214,12,4.861,9.58,4,20,2080,,,7200.0,39600.0,279.0,190.0,168.0,12
0,G0105-000001,generated-day-1,,A00448,84,74.361,20.66,8,42,4200,,,7200.0,39600.0,327.0,243.0,260.0,12
0,G0105-000001,generated-day-1,,A00382,24,12.553,19.506,4,33,3300,,,7200.0,39600.0,400.0,270.0,172.0,24
0,G0105-000001,generated-day-1,,A01091,12,19.046,17.431,8,13,1300,,,7200.0,39600.0,265.0,175.0,355.0,6
0,G0105-000001,generated-day-1,,A00012,6,8.367,16.317,1,36,3600,,,7200.0,39600.0,265.0,178.0,311.0,6
0,G0105-000001,generated-day-1,,A00155,48,13.178,10.019,5,19,1904,,,7200.0,39600.0,330.0,220.0,138.0,24
0,G0105-000001,generated-day-1,,A00562,12,16.01,14.61,7,22,2202,,,7200.0,39600.0,252.0,168.0,327.0,6
0,G0105-000001,generated-day-1,,A00970,24,12.427,18.699,5,16,1600,,,7200.0,39600.0,395.0,265.0,180.0,24
0,G0105-000001,generated-day-1,,A00755,12,3.207,5.16,5,18,1802,,,7200.0,39600.0,225.0,165.0,139.0,12
0,G0105-000001,generated-day-1,,A00689,24,8.674,13.415,6,5,502,,,7200.0,39600.0,405.0,270.0,123.0,24
0,G0105-000001,generated-day-1,,A01104,6,9.326,13.754,7,28,2804,,,7200.0,39600.0,250.0,167.0,315.0,6
0,G0105-000001,generated-day-1,,A00707,6,7.811,14.249,7,31,3100,,,7200.0,39600.0,252.0,168.0,327.0,6
0,G0105-000001,generated-day-1,,A01212,12,15.458,14.427,8,36,3600,,,7200.0,39600.0,269.0,178.0,310.0,6
0,G0105-000001,generated-day-1,,A00523,25,5.58,75.687,7,0,4,,,7200.0,39600.0,400.0,600.0,280.0,25
0,G0105-000001,generated-day-1,,A00809,6,8.193,14.222,1,40,4004,,,7200.0,39600.0,254.0,170.0,313.0,6
0,G0105-000001,generated-day-1,,A00687,12,6.35,38.882,6,39,3904,,,7200.0,39600.0,452.0,354.0,243.0,6
0,G0105-000001,generated-day-1,,A00626,6,6.228,10.807,8,34,3400,,,7200.0,39600.0,230.0,155.0,296.0,6
0,G0105-000001,generated-day-1,,A00289,6,8.351,14.052,2,6,600,,,7200.0,39600.0,246.0,169.0,338.0,6
0,G0105-000001,generated-day-1,,A01203,12,6.628,9.53,4,23,2363,,,7200.0,39600.0,286.0,198.0,170.0,12
0,G0105-000001,generated-day-1,,A00411,6,6.464,10.855,7,20,2004,,,7200.0,39600.0,274.0,187.0,335.0,6
0,G0105-000001,generated-day-1,,A00275,12,15.68,13.222,8,23,2302,,,7200.0,39600.0,255.0,170.0,305.0,6
0,G0105-000001,generated-day-1,,A00765,12,18.608,14.5,8,35,3504,,,7200.0,39600.0,260.0,172.0,320.0,6
0,G0105-000001,generated-day-1,,A00172,12,6.527999999999999,9.991,5,12,1204,,,7200.0,39600.0,399.0,135.0,170.0,12
0,G0105-000001,generated-day-1,,A00511,6,6.209,10.604,8,45,4504,,,7200.0,39600.0,240.0,160.0,272.0,6
0,G0105-000001,generated-day-1,,A00952,12,18.528,11.64,7,33,3304,,,7200.0,39600.0,196.0,196.0,303.0,4
0,G0105-000001,generated-day-1,,A01101,6,6.209,11.604,8,37,3702,,,7200.0,39600.0,247.0,166.0,283.0,6
0,G0105-000001,generated-day-1,,A00070,6,6.32,10.675,8,47,4704,,,7200.0,39600.0,240.0,160.0,278.0,6
0,G0105-000001,generated-day-1,,A01220,6,12.759999999999998,17.771,6,16,1600,,,7200.0,39600.0,290.0,195.0,280.0,6
0,G0105-000001,generated-day-1,,A00683,60,92.32,16.762,8,9,900,,,7200.0,39600.0,407.0,269.0,229.0,6
0,G0105-000001,generated-day-1,,A00471,24,8.554,13.158,5,35,3500,,,7200.0,39600.0,360.0,240.0,150.0,24
0,G0105-000001,generated-day-1,,A01035,6,6.401,12.031,7,4,404,,,7200.0,39600.0,240.0,160.0,312.0,6
0,G0105-000001,generated-day-1,,A01087,6,8.056,13.755,7,12,1204,,,7200.0,39600.0,257.0,171.0,313.0,6
0,G0105-000001,generated-day-1,,A01088,24,6.597000000000001,10.08,5,22,2202,,,7200.0,39600.0,332.0,219.0,138.0,24
0,G0105-000001,generated-day-1,,A00135,12,12.494,11.861,8,46,4604,,,7200.0,39600.0,240.0,160.0,279.0,6
0,G0105-000001,generated-day-1,,A00599,96,26.356,9.677,5,39,3904,,,7200.0,39600.0,330.0,220.0,138.0,24
0,G0105-000001,generated-day-1,,A00467,24,12.546,22.163,4,28,2802,,,7200.0,39600.0,405.0,270.0,175.0,24
0,G0105-000001,generated-day-1,,A00856,6,2.236,22.48,6,39,3900,,,7200.0,39600.0,330.0,260.0,262.0,6
0,G0105-000001,generated-day-1,,A01064,6,6.356,12.753,7,9,902,,,7200.0,39600.0,166.0,249.0,316.0,6
0,G0105-000001,generated-day-1,,A01089,6,7.15,12.951,3,18,1800,,,7200.0,39600.0,236.0,155.0,315.0,6
0,G0105-000001,generated-day-1,,A01044,30,39.535000000000004,13.934,8,22,2202,,,7200.0,39600.0,255.0,170.0,305.0,6
0,G0105-000001,generated-day-1,,A00667,12,18.42,16.46,7,14,1402,,,7200.0,39600.0,258.0,172.0,333.0,6
0,G0105-000001,generated-day-1,,A01059,6,6.732000000000001,12.614,3,24,2400,,,7200.0,39600.0,249.0,170.0,298.0,6
0,G0105-000001,generated-day-1,,A00298,6,9.526,20.66,3,5,504,,,7200.0,39600.0,302.0,199.0,318.0,6
0,G0105-000001,generated-day-1,,A00800,24,12.522000000000002,19.175,4,41,4104,,,7200.0,39600.0,406.0,273.0,173.0,24
0,G0105-000001,generated-day-1,,A00340,4,6.1,13.115,7,35,3504,,,7200.0,39600.0,215.0,200.0,305.0,4
0,G0105-000001,generated-day-1,,A00842,6,7.362,11.487,3,7,702,,,7200.0,39600.0,230.0,160.0,290.0,6
0,G0105-000001,generated-day-1,,A00395,6,7.652000000000001,13.15,3,40,4004,,,7200.0,39600.0,251.0,169.0,310.0,6
0,G0105-000001,generated-day-1,,A00106,24,12.566000000000003,10.086,5,1,100,,,7200.0,39600.0,283.0,206.0,173.0,12
0,G0105-000001,generated-day-1,,A01012,6,9.224,17.611,8,20,2002,,,7200.0,39600.0,265.0,175.0,355.0,6
0,G0105-000001,generated-day-1,,A00823,36,55.302,15.854,7,15,1504,,,7200.0,39600.0,258.0,172.0,332.0,6
0,G0105-000001,generated-day-1,,A00439,24,37.652,14.188,8,25,2500,,,7200.0,39600.0,250.0,167.0,315.0,6
0,G0105-000001,generated-day-1,,A00463,12,4.939,9.754,4,8,800,,,7200.0,39600.0,234.0,179.0,209.0,12
0,G0105-000001,generated-day-1,,A01152,120,31.925,9.943,5,30,3000,,,7200.0,39600.0,330.0,220.0,138.0,24
0,G0105-000001,generated-day-1,,A00335,6,7.731999999999999,14.056,8,30,3000,,,7200.0,39600.0,268.0,176.0,298.0,6
0,G0105-000001,generated-day-1,,A00130,4,6.1,13.115,7,41,4100,,,7200.0,39600.0,196.0,196.0,300.0,4
0,G0105-000001,generated-day-1,,A00062,18,6.523,10.345,6,17,1702,,,7200.0,39600.0,413.0,211.0,120.0,18
0,G0105-000001,generated-day-1,,A00277,6,9.513,14.684,8,16,1602,,,7200.0,39600.0,265.0,175.0,355.0,6
0,G0105-000001,generated-day-1,,A00211,6,6.3149999999999995,12.326,8,26,2600,,,7200.0,39600.0,166.0,249.0,316.0,6
0,G0105-000001,generated-day-1,,A00693,12,4.246,6.643,6,3,303,,,7200.0,39600.0,240.0,177.0,150.0,12
0,G0105-000001,generated-day-1,,A01013,12,10.937,20.872,8,42,4202,,,7200.0,39600.0,360.0,244.0,150.0,12
0,G0105-000001,generated-day-1,,A00369,3,15.597,28.46,6,20,2002,,,7200.0,39600.0,400.0,175.0,333.0,3
0,G0105-000001,generated-day-1,,A00074,24,13.046,10.183,4,19,1904,,,7200.0,39600.0,286.0,207.0,172.0,12
0,G0105-000001,generated-day-1,,A00713,24,6.311,9.632,5,39,3902,,,7200.0,39600.0,330.0,220.0,138.0,24
0,G0105-000001,generated-day-1,,A01090,6,6.97,11.593,2,27,2702,,,7200.0,39600.0,260.0,170.0,290.0,6
0,G0105-000001,generated-day-1,,A00706,6,12.771,17.362,6,22,2200,,,7200.0,39600.0,290.0,195.0,280.0,6
0,G0105-000001,generated-day-1,,A00602,24,8.55,13.303,5,41,4100,,,7200.0,39600.0,372.0,240.0,149.0,24
0,G0105-000001,generated-day-1,,A00055,6,7.8629999999999995,14.454,7,42,4204,,,7200.0,39600.0,268.0,178.0,303.0,6
0,G0105-000001,generated-day-1,,A01259,6,7.154,20.572,2,5,504,,,7200.0,39600.0,245.0,164.0,298.0,6
0,G0105-000001,generated-day-1,,A00524,12,18.624,15.54,7,19,1904,,,7200.0,39600.0,176.0,264.0,316.0,6
0,G0105-000001,generated-day-1,,A01004,6,6.5440000000000005,14.92,8,45,4500,,,7200.0,39600.0,294.0,196.0,255.0,6
0,G0105-000002,generated-day-1,,A00823,6,9.217,15.854,7,15,1504,,,7200.0,39600.0,258.0,172.0,332.0,6
0,G0105-000002,generated-day-1,,A00553,6,6.401999999999999,11.856,3,41,4104,,,7200.0,39600.0,160.0,320.0,320.0,6
0,G0105-000002,generated-day-1,,A00884,12,25.588,17.194,6,18,1800,,,7200.0,39600.0,290.0,195.0,280.0,6
0,G0105-000002,generated-day-1,,A01004,12,13.088000000000001,14.92,8,45,4500,,,7200.0,39600.0,294.0,196.0,255.0,6
0,G0105-000002,generated-day-1,,A00121,6,9.452,14.002,7,21,2102,,,7200.0,39600.0,299.0,201.0,293.0,6
0,G0105-000002,generated-day-1,,A01174,24,12.431,18.56,4,37,3700,,,7200.0,39600.0,405.0,270.0,172.0,24
0,G0105-000002,generated-day-1,,A01046,6,6.392999999999999,13.029,7,16,1602,,,7200.0,39600.0,258.0,172.0,333.0,6
0,G0105-000002,generated-day-1,,A00161,1,2.058,3.24,4,4,404,,,7200.0,39600.0,172.0,172.0,98.0,1
0,G0105-000002,generated-day-1,,A00391,6,9.395,16.181,7,6,604,,,7200.0,39600.0,261.0,174.0,335.0,6
0,G0105-000002,generated-day-1,,A00762,24,8.587,12.906,5,34,3400,,,7200.0,39600.0,355.0,240.0,147.0,24
0,G0105-000002,generated-day-1,,A00152,6,7.849,15.785,1,21,2104,,,7200.0,39600.0,260.0,173.0,303.0,6
0,G0105-000002,generated-day-1,,A00515,4,6.1,13.115,7,36,3604,,,7200.0,39600.0,305.0,206.0,288.0,4
0,G0105-000002,generated-day-1,,A01064,6,6.356,12.753,7,9,902,,,7200.0,39600.0,166.0,249.0,316.0,6
0,G0105-000002,generated-day-1,,A00190,12,12.99,11.176,5,35,3504,,,7200.0,39600.0,248.0,183.0,153.0,6
0,G0105-000002,generated-day-1,,A00573,228,784.56,12.653,8,24,2402,,,7200.0,39600.0,385.0,250.0,214.0,6
0,G0105-000002,generated-day-1,,A00955,6,9.537,14.215,7,24,2402,,,7200.0,39600.0,260.0,170.0,330.0,6
0,G0105-000002,generated-day-1,,A00220,4,6.721,11.138,5,41,4104,,,7200.0,39600.0,248.0,183.0,153.0,4
0,G0105-000002,generated-day-1,,A00106,24,12.566000000000003,10.086,5,1,100,,,7200.0,39600.0,283.0,206.0,173.0,12
0,G0106-000001,generated-day-1,,A00002,12,5.87,8.797,4,9,904,,,7200.0,43200.0,225.0,170.0,220.0,12
0,G0106-000001,generated-day-1,,A00508,24,8.363,13.643,5,21,2104,,,7200.0,43200.0,361.0,247.0,153.0,24
0,G0106-000001,generated-day-1,,A00730,24,8.285,13.709,5,34,3402,,,7200.0,43200.0,360.0,240.0,150.0,24
0,G0106-000001,generated-day-1,,A01173,30,46.765,14.81,7,5,504,,,7200.0,43200.0,261.0,173.0,328.0,6
0,G0106-000001,generated-day-1,,A01154,6,9.229,16.385,7,14,1400,,,7200.0,43200.0,255.0,170.0,308.0,6
0,G0106-000001,generated-day-1,,A01194,48,17.146,13.25,5,37,3700,,,7200.0,43200.0,365.0,242.0,150.0,24
0,G0106-000001,generated-day-1,,A00657,6,6.112,11.372,3,39,3905,,,7200.0,43200.0,226.0,154.0,298.0,6
0,G0106-000001,generated-day-1,,A01252,6,9.326,13.754,7,28,2804,,,7200.0,43200.0,260.0,172.0,320.0,6
0,G0106-000001,generated-day-1,,A00351,18,38.31,17.62,6,19,1902,,,7200.0,43200.0,290.0,195.0,280.0,6
0,G0106-000001,generated-day-1,,A00065,6,6.867000000000001,11.557,3,31,3100,,,7200.0,43200.0,230.0,150.0,300.0,6
0,G0106-000001,generated-day-1,,A00830,12,4.314,6.642,6,10,1000,,,7200.0,43200.0,246.0,180.0,150.0,12
0,G0106-000001,generated-day-1,,A00386,6,9.441,14.95,8,16,1600,,,7200.0,43200.0,175.0,263.0,328.0,6
0,G0106-000001,generated-day-1,,A00327,6,7.188,10.169,4,5,500,,,7200.0,43200.0,211.0,188.0,229.0,6
0,G0106-000001,generated-day-1,,A00566,240,127.0,18.782,4,29,2904,,,7200.0,43200.0,405.0,265.0,175.0,24
0,G0106-000001,generated-day-1,,A00826,8,12.358,11.759,7,40,4002,,,7200.0,43200.0,196.0,196.0,300.0,4
0,G0106-000001,generated-day-1,,A00806,12,3.2119999999999997,5.252,6,6,602,,,7200.0,43200.0,226.0,166.0,140.0,12
0,G0106-000001,generated-day-1,,A01013,12,10.937,20.872,8,42,4202,,,7200.0,43200.0,360.0,244.0,150.0,12
0,G0106-000001,generated-day-1,,A00765,36,55.824,14.5,8,35,3504,,,7200.0,43200.0,260.0,172.0,320.0,6
0,G0106-000001,generated-day-1,,A00823,6,9.217,15.854,7,15,1504,,,7200.0,43200.0,258.0,172.0,332.0,6
0,G0106-000001,generated-day-1,,A00970,24,12.427,18.699,5,16,1600,,,7200.0,43200.0,395.0,265.0,180.0,24
0,G0106-000001,generated-day-1,,A01220,6,12.759999999999998,17.771,6,16,1600,,,7200.0,43200.0,290.0,195.0,280.0,6
0,G0106-000001,generated-day-1,,A00318,48,17.08,6.597,5,26,2602,,,7200.0,43200.0,245.0,180.0,150.0,12
0,G0106-000001,generated-day-1,,A00931,6,7.054,12.408,2,24,2402,,,7200.0,43200.0,236.0,155.0,315.0,6
0,G0106-000001,generated-day-1,,A00412,6,8.783,14.896,3,27,2700,,,7200.0,43200.0,256.0,171.0,315.0,6
0,G0106-000001,generated-day-1,,A00698,24,8.501,19.006,6,10,1004,,,7200.0,43200.0,417.0,383.0,119.0,24
0,G0106-000001,generated-day-1,,A01101,12,12.418,11.604,8,37,3702,,,7200.0,43200.0,247.0,166.0,283.0,6
0,G0106-000001,generated-day-1,,A00998,6,6.5809999999999995,9.411,2,22,2202,,,7200.0,43200.0,220.0,150.0,293.0,6
0,G0106-000001,generated-day-1,,A00088,6,6.362,12.768,7,3,304,,,7200.0,43200.0,166.0,219.0,316.0,6
0,G0106-000001,generated-day-1,,A00455,24,12.669,19.307,4,15,1500,,,7200.0,43200.0,408.0,276.0,173.0,24
0,G0106-000001,generated-day-1,,A00687,6,3.175,38.882,6,39,3904,,,7200.0,43200.0,452.0,354.0,243.0,6
0,G0106-000001,generated-day-1,,A00952,8,12.352,11.64,7,33,3304,,,7200.0,43200.0,196.0,196.0,303.0,4
0,G0106-000001,generated-day-1,,A00368,6,9.202,17.26,7,13,1304,,,7200.0,43200.0,258.0,172.0,331.0,6
0,G0106-000001,generated-day-1,,A00940,12,13.282,12.338,8,38,3800,,,7200.0,43200.0,249.0,167.0,278.0,6
0,G0106-000001,generated-day-1,,A00526,6,8.286,15.153,3,2,204,,,7200.0,43200.0,255.0,175.0,310.0,6
1,G0202-000001,generated-day-2,,A01220,6,12.759999999999998,17.771,6,16,1600,,,93600.0,115200.0,290.0,195.0,280.0,6
1,G0202-000001,generated-day-2,,A01244,6,6.465,11.746,8,49,4900,,,93600.0,115200.0,250.0,169.0,278.0,6
1,G0202-000001,generated-day-2,,A00681,12,4.188,6.659,5,13,1304,,,93600.0,115200.0,245.0,180.0,151.0,12
1,G0202-000001,generated-day-2,,A00208,6,7.107999999999999,12.362,1,32,3204,,,93600.0,115200.0,236.0,155.0,315.0,6
1,G0202-000001,generated-day-2,,A00433,9,13.862,106.178,7,0,5,,,93600.0,115200.0,650.0,550.0,297.0,9
1,G0202-000001,generated-day-2,,A00117,6,9.484,15.235,8,11,1100,,,93600.0,115200.0,265.0,175.0,355.0,6
1,G0202-000001,generated-day-2,,A00667,36,55.260000000000005,16.46,7,14,1402,,,93600.0,115200.0,258.0,172.0,333.0,6
1,G0202-000001,generated-day-2,,A00894,12,16.14,14.337,7,10,1000,,,93600.0,115200.0,252.0,168.0,303.0,6
1,G0202-000001,generated-day-2,,A00031,12,4.322,6.715,5,30,3004,,,93600.0,115200.0,251.0,182.0,147.0,12
1,G0202-000001,generated-day-2,,A00908,12,18.686,15.995,7,20,2002,,,93600.0,115200.0,261.0,174.0,335.0,6
1,G0202-000001,generated-day-2,,A00754,6,8.08,14.39,7,21,2104,,,93600.0,115200.0,254.0,169.0,329.0,6
1,G0202-000001,generated-day-2,,A00621,6,9.413,14.188,8,25,2500,,,93600.0,115200.0,250.0,167.0,315.0,6
1,G0202-000001,generated-day-2,,A00498,6,8.775,14.7,3,30,3000,,,93600.0,115200.0,262.0,177.0,319.0,6
1,G0202-000001,generated-day-2,,A00513,12,25.542,17.362,6,22,2200,,,93600.0,115200.0,290.0,195.0,280.0,6
1,G0202-000001,generated-day-2,,A00758,9,13.862,106.178,7,0,5,,,93600.0,115200.0,650.0,550.0,297.0,9
1,G0202-000001,generated-day-2,,A01221,6,8.092,14.125,7,28,2802,,,93600.0,115200.0,258.0,172.0,344.0,6
1,G0202-000001,generated-day-2,,A01136,24,8.382,13.851,6,27,2702,,,93600.0,115200.0,414.0,272.0,123.0,24
1,G0202-000001,generated-day-2,,A00742,6,12.729,22.49,6,21,2102,,,93600.0,115200.0,192.0,359.0,266.0,6
1,G0202-000001,generated-day-2,,A00228,24,8.636,13.249,5,29,2900,,,93600.0,115200.0,357.0,233.0,151.0,24
1,G0202-000001,generated-day-2,,A00935,6,7.081999999999999,12.385,1,22,2204,,,93600.0,115200.0,232.0,155.0,308.0,6
1,G0202-000001,generated-day-2,,A00203,24,8.319,13.579,6,4,400,,,93600.0,115200.0,410.0,273.0,173.0,24
1,G0202-000001,generated-day-2,,A00856,12,4.472,22.48,6,39,3900,,,93600.0,115200.0,330.0,260.0,262.0,6
1,G0202-000001,generated-day-2,,A00599,72,19.767000000000003,9.677,5,39,3904,,,93600.0,115200.0,330.0,220.0,138.0,24
1,G0202-000001,generated-day-2,,A00583,12,18.402,16.128,8,21,2100,,,93600.0,115200.0,260.0,174.0,333.0,6
1,G0202-000001,generated-day-2,,A01063,6,7.729,13.655,7,10,1002,,,93600.0,115200.0,255.0,170.0,315.0,6
1,G0202-000001,generated-day-2,,A00586,6,7.718,13.965,7,29,2900,,,93600.0,115200.0,268.0,178.0,303.0,6
1,G0202-000001,generated-day-2,,A00615,24,9.51,16.601,4,10,1000,,,93600.0,115200.0,340.0,230.0,205.0,24
1,G0202-000001,generated-day-2,,A01176,6,8.381,16.178,1,18,1800,,,93600.0,115200.0,275.0,185.0,318.0,6
1,G0202-000002,generated-day-2,,A00247,6,6.676,10.652,2,39,3904,,,93600.0,115200.0,255.0,136.0,283.0,6
1,G0202-000002,generated-day-2,,A00962,12,7.545,11.276,5,12,1202,,,93600.0,115200.0,272.0,203.0,189.0,12
1,G0202-000002,generated-day-2,,A00818,100,9.517,59.382,6,34,3402,,,93600.0,115200.0,493.0,438.0,275.0,100
1,G0202-000002,generated-day-2,,A00952,12,18.528,11.64,7,33,3304,,,93600.0,115200.0,196.0,196.0,303.0,4
1,G0202-000002,generated-day-2,,A00277,12,19.026,14.684,8,16,1602,,,93600.0,115200.0,265.0,175.0,355.0,6
1,G0202-000002,generated-day-2,,A00758,27,41.586,106.178,7,0,5,,,93600.0,115200.0,650.0,550.0,297.0,9
1,G0202-000002,generated-day-2,,A00664,6,6.492000000000001,10.875,8,35,3500,,,93600.0,115200.0,237.0,161.0,285.0,6
1,G0202-000002,generated-day-2,,A00368,42,64.414,17.26,7,13,1304,,,93600.0,115200.0,258.0,172.0,331.0,6
1,G0202-000002,generated-day-2,,A00742,6,12.729,22.49,6,21,2102,,,93600.0,115200.0,192.0,359.0,266.0,6
1,G0202-000002,generated-day-2,,A00734,6,7.112,13.78,1,34,3404,,,93600.0,115200.0,254.0,175.0,310.0,6
1,G0202-000002,generated-day-2,,A00084,6,9.391,16.612,8,18,1800,,,93600.0,115200.0,265.0,175.0,355.0,6
1,G0202-000002,generated-day-2,,A00009,9,12.488,127.368,7,0,3,,,93600.0,115200.0,580.0,720.0,305.0,9
1,G0202-000002,generated-day-2,,A00361,24,8.564,6.804,6,2,203,,,93600.0,115200.0,252.0,180.0,150.0,12
1,G0202-000002,generated-day-2,,A00071,6,2.404,13.218,6,36,3602,,,93600.0,115200.0,310.0,205.0,208.0,6
1,G0202-000002,generated-day-2,,A00369,6,31.194,28.46,6,20,2002,,,93600.0,115200.0,400.0,175.0,333.0,3
1,G0202-000002,generated-day-2,,A00781,2,10.098,8.198,8,49,4902,,,93600.0,115200.0,247.0,166.0,283.0,1
1,G0202-000002,generated-day-2,,A00154,6,7.808,14.843,7,35,3500,,,93600.0,115200.0,269.0,178.0,310.0,6
1,G0202-000002,generated-day-2,,A00200,6,9.583,17.165,8,26,2602,,,93600.0,115200.0,274.0,187.0,335.0,6
1,G0202-000002,generated-day-2,,A00062,18,6.523,10.345,6,17,1702,,,93600.0,115200.0,413.0,211.0,120.0,18
1,G0202-000002,generated-day-2,,A00488,6,7.45,12.999,1,19,1902,,,93600.0,115200.0,235.0,155.0,335.0,6
1,G0202-000002,generated-day-2,,A00597,6,7.142000000000001,11.908,3,10,1000,,,93600.0,115200.0,240.0,160.0,310.0,6
1,G0202-000002,generated-day-2,,A00522,6,12.773,17.193,6,18,1802,,,93600.0,115200.0,290.0,195.0,280.0,6
1,G0202-000002,generated-day-2,,A00565,12,12.702,12.253,8,47,4702,,,93600.0,115200.0,253.0,167.0,290.0,6
1,G0202-000002,generated-day-2,,A00823,12,18.434,15.854,7,15,1504,,,93600.0,115200.0,258.0,172.0,332.0,6
1,G0202-000002,generated-day-2,,A00523,25,5.58,75.687,7,0,4,,,93600.0,115200.0,400.0,600.0,280.0,25
1,G0203-000001,generated-day-2,,A00652,108,165.618,16.128,8,21,2100,,,93600.0,118800.0,407.0,269.0,229.0,6
1,G0203-000001,generated-day-2,,A01104,12,18.652,13.754,7,28,2804,,,93600.0,118800.0,250.0,167.0,315.0,6
1,G0203-000001,generated-day-2,,A01109,6,7.167,11.301,2,2,204,,,93600.0,118800.0,237.0,160.0,313.0,6
1,G0203-000001,generated-day-2,,A00336,12,6.509,10.05,5,4,400,,,93600.0,118800.0,272.0,203.0,169.0,12
1,G0203-000001,generated-day-2,,A00916,24,12.819000000000003,19.588,4,31,3104,,,93600.0,118800.0,400.0,267.0,170.0,24
1,G0203-000001,generated-day-2,,A00204,24,12.936,19.886,4,21,2102,,,93600.0,118800.0,410.0,273.0,173.0,24
1,G0203-000001,generated-day-2,,A01098,8,66.064,15.247,8,48,4802,,,93600.0,118800.0,366.0,366.0,366.0,1
1,G0203-000001,generated-day-2,,A00910,12,18.436,16.638,8,8,802,,,93600.0,118800.0,407.0,269.0,229.0,6
1,G0203-000001,generated-day-2,,A01091,18,28.569,17.431,8,13,1300,,,93600.0,118800.0,265.0,175.0,355.0,6
1,G0203-000001,generated-day-2,,A00859,6,6.455,10.912,8,27,2700,,,93600.0,118800.0,274.0,187.0,335.0,6
1,G0203-000001,generated-day-2,,A00117,24,37.936,15.235,8,11,1100,,,93600.0,118800.0,265.0,175.0,355.0,6
1,G0203-000001,generated-day-2,,A00029,12,2.0,14.694,8,30,3004,,,93600.0,118800.0,294.0,196.0,255.0,6
1,G0203-000001,generated-day-2,,A00560,6,8.832,14.783,2,9,902,,,93600.0,118800.0,260.0,170.0,315.0,6
1,G0203-000001,generated-day-2,,A01211,6,7.099,12.032,3,41,4102,,,93600.0,118800.0,229.0,157.0,315.0,6
1,G0203-000001,generated-day-2,,A00901,24,8.554,13.158,5,35,3500,,,93600.0,118800.0,360.0,240.0,150.0,24
1,G0203-000001,generated-day-2,,A00121,12,18.904,14.002,7,21,2102,,,93600.0,118800.0,299.0,201.0,293.0,6
1,G0203-000001,generated-day-2,,A00237,12,4.253,6.669,5,29,2902,,,93600.0,118800.0,250.0,180.0,150.0,12
1,G0203-000001,generated-day-2,,A01056,18,20.178,11.262,5,19,1900,,,93600.0,118800.0,338.0,238.0,140.0,6
1,G0203-000001,generated-day-2,,A00948,6,6.9559999999999995,13.346,3,23,2302,,,93600.0,118800.0,226.0,151.0,329.0,6
1,G0203-000001,generated-day-2,,A00866,6,12.791,17.562,6,14,1400,,,93600.0,118800.0,290.0,195.0,280.0,6
1,G0203-000001,generated-day-2,,A00154,6,7.808,14.843,7,35,3500,,,93600.0,118800.0,269.0,178.0,310.0,6
1,G0203-000001,generated-day-2,,A01210,6,9.307,16.824,8,17,1702,,,93600.0,118800.0,270.0,181.0,350.0,6
1,G0203-000001,generated-day-2,,A00775,24,12.957,19.269,4,31,3102,,,93600.0,118800.0,400.0,265.0,170.0,24
1,G0203-000001,generated-day-2,,A00423,12,18.924,17.199,8,12,1200,,,93600.0,118800.0,265.0,175.0,355.0,6
1,G0203-000001,generated-day-2,,A00643,48,25.916000000000004,9.907,5,14,1402,,,93600.0,118800.0,278.0,206.0,173.0,12
1,G0203-000001,generated-day-2,,A00933,6,2.876,16.281,6,37,3702,,,93600.0,118800.0,380.0,205.0,209.0,6
1,G0203-000001,generated-day-2,,A00540,24,12.57,19.387,4,40,4004,,,93600.0,118800.0,405.0,270.0,170.0,24
1,G0203-000001,generated-day-2,,A00660,24,12.567999999999998,9.587,5,6,602,,,93600.0,118800.0,273.0,203.0,173.0,12
1,G0203-000001,generated-day-2,,A00253,48,49.568,10.568,8,29,2902,,,93600.0,118800.0,240.0,160.0,272.0,6
1,G0203-000001,generated-day-2,,A01145,192,53.808,11.115,5,37,3702,,,93600.0,118800.0,220.0,165.0,138.0,24
1,G0203-000001,generated-day-2,,A01120,6,10.802,19.879,7,4,402,,,93600.0,118800.0,268.0,178.0,303.0,6
1,G0203-000001,generated-day-2,,A01106,18,23.475,14.132,8,23,2300,,,93600.0,118800.0,255.0,170.0,305.0,6
1,G0203-000001,generated-day-2,,A00750,12,6.369,9.693,5,13,1302,,,93600.0,118800.0,276.0,203.0,173.0,12
1,G0203-000001,generated-day-2,,A00228,24,8.636,13.249,5,29,2900,,,93600.0,118800.0,357.0,233.0,151.0,24
1,G0203-000001,generated-day-2,,A01005,6,12.676,19.133,7,2,204,,,93600.0,118800.0,306.0,205.0,305.0,6
1,G0203-000001,generated-day-2,,A00317,6,9.343,15.379,7,17,1702,,,93600.0,118800.0,176.0,264.0,316.0,6
1,G0203-000001,generated-day-2,,A00522,6,12.773,17.193,6,18,1802,,,93600.0,118800.0,290.0,195.0,280.0,6
1,G0204-000001,generated-day-2,,A01120,6,10.802,19.879,7,4,402,,,93600.0,122400.0,268.0,178.0,303.0,6
1,G0204-000001,generated-day-2,,A00311,6,6.461,11.587,8,31,3104,,,93600.0,122400.0,239.0,160.0,303.0,6
1,G0204-000001,generated-day-2,,A00997,48,17.016,13.48,6,4,402,,,93600.0,122400.0,413.0,272.0,120.0,24
1,G0204-000001,generated-day-2,,A00063,8,6.84,87.451,6,42,4200,,,93600.0,122400.0,742.0,293.0,405.0,8
1,G0204-000001,generated-day-2,,A00409,12,4.244,6.805,6,3,305,,,93600.0,122400.0,270.0,210.0,120.0,12
1,G0204-000001,generated-day-2,,A00528,6,9.34,15.614,7,25,2502,,,93600.0,122400.0,266.0,176.0,342.0,6
1,G0204-000001,generated-day-2,,A00536,6,8.686,16.62,2,10,1000,,,93600.0,122400.0,270.0,180.0,309.0,6
1,G0204-000001,generated-day-2,,A00511,24,24.836,10.604,8,45,4504,,,93600.0,122400.0,240.0,160.0,272.0,6
1,G0204-000001,generated-day-2,,A00183,12,6.035,10.264,3,5,500,,,93600.0,122400.0,238.0,180.0,230.0,12
1,G0204-000001,generated-day-2,,A00448,12,10.623,20.66,8,42,4200,,,93600.0,122400.0,327.0,243.0,260.0,12
1,G0204-000001,generated-day-2,,A01254,6,7.77,14.846,1,29,2900,,,93600.0,122400.0,265.0,175.0,295.0,6
1,G0204-000001,generated-day-2,,A00639,12,4.202,6.888,6,3,302,,,93600.0,122400.0,280.0,205.0,120.0,12
1,G0204-000001,generated-day-2,,A00282,6,9.296,16.524,7,13,1302,,,93600.0,122400.0,174.0,261.0,333.0,6
1,G0204-000001,generated-day-2,,A00558,12,4.112,6.879,6,2,202,,,93600.0,122400.0,417.0,383.0,119.0,12
1,G0204-000001,generated-day-2,,A00029,6,1.0,14.694,8,30,3004,,,93600.0,122400.0,294.0,196.0,255.0,6
1,G0204-000001,generated-day-2,,A00903,6,6.831,11.304,2,33,3302,,,93600.0,122400.0,236.0,165.0,301.0,6
1,G0204-000001,generated-day-2,,A00553,6,6.401999999999999,11.856,3,41,4104,,,93600.0,122400.0,160.0,320.0,320.0,6
1,G0204-000001,generated-day-2,,A00205,48,75.232,13.829,7,3,300,,,93600.0,122400.0,255.0,170.0,319.0,6
1,G0204-000001,generated-day-2,,A00971,6,7.288,14.838,2,41,4100,,,93600.0,122400.0,275.0,180.0,290.0,6
1,G0204-000001,generated-day-2,,A00449,6,6.348000000000001,10.695,3,22,2204,,,93600.0,122400.0,158.0,235.0,299.0,6
1,G0204-000001,generated-day-2,,A00121,12,18.904,14.002,7,21,2102,,,93600.0,122400.0,299.0,201.0,293.0,6
1,G0204-000001,generated-day-2,,A00277,12,19.026,14.684,8,16,1602,,,93600.0,122400.0,265.0,175.0,355.0,6
1,G0204-000001,generated-day-2,,A00770,24,8.608,6.566,5,25,2502,,,93600.0,122400.0,240.0,180.0,152.0,12
1,G0204-000001,generated-day-2,,A00430,6,9.574,17.763,7,17,1704,,,93600.0,122400.0,252.0,168.0,340.0,6
1,G0204-000001,generated-day-2,,A00973,6,6.591,11.876,3,8,800,,,93600.0,122400.0,240.0,160.0,290.0,6
1,G0204-000001,generated-day-2,,A00270,72,39.339,19.175,5,10,1004,,,93600.0,122400.0,406.0,270.0,170.0,24
1,G0204-000001,generated-day-2,,A01241,6,6.634,12.019,3,37,3704,,,93600.0,122400.0,150.0,225.0,302.0,6
1,G0204-000001,generated-day-2,,A01050,12,6.584999999999999,9.848,5,8,802,,,93600.0,122400.0,275.0,207.0,173.0,12
1,G0204-000001,generated-day-2,,A00213,12,15.668,13.222,8,33,3304,,,93600.0,122400.0,255.0,170.0,305.0,6
1,G0204-000001,generated-day-2,,A00273,24,12.663,19.506,4,36,3600,,,93600.0,122400.0,400.0,270.0,168.0,24
1,G0204-000001,generated-day-2,,A00061,12,12.924,9.196,8,29,2900,,,93600.0,122400.0,238.0,159.0,243.0,6
1,G0204-000001,generated-day-2,,A00962,12,7.545,11.276,5,12,1202,,,93600.0,122400.0,272.0,203.0,189.0,12
1,G0204-000001,generated-day-2,,A00500,6,7.681,13.381,1,31,3102,,,93600.0,122400.0,250.0,171.0,313.0,6
1,G0204-000001,generated-day-2,,A01176,24,33.524,16.178,1,18,1800,,,93600.0,122400.0,275.0,185.0,318.0,6
1,G0204-000001,generated-day-2,,A00888,6,8.1,14.209,7,18,1800,,,93600.0,122400.0,259.0,172.0,334.0,6
1,G0204-000001,generated-day-2,,A01205,24,13.0,10.081,5,16,1604,,,93600.0,122400.0,281.0,205.0,175.0,12
1,G0204-000001,generated-day-2,,A00724,6,12.304000000000002,18.607,7,2,200,,,93600.0,122400.0,328.0,219.0,343.0,6
1,G0204-000001,generated-day-2,,A00421,6,6.849,11.999,2,1,104,,,93600.0,122400.0,242.0,165.0,309.0,6
1,G0204-000001,generated-day-2,,A00345,24,6.591,10.231,4,23,2353,,,93600.0,122400.0,337.0,220.0,138.0,24
1,G0204-000001,generated-day-2,,A00389,12,4.218,6.733,6,3,304,,,93600.0,122400.0,176.0,237.0,148.0,12
1,G0204-000001,generated-day-2,,A00744,24,8.62,13.612,6,14,1404,,,93600.0,122400.0,410.0,276.0,120.0,24
1,G0204-000001,generated-day-2,,A00068,12,4.167,6.297,6,7,702,,,93600.0,122400.0,242.0,177.0,147.0,12
1,G0208-000001,generated-day-2,,A00146,6,9.192,16.546,8,17,1700,,,93600.0,136800.0,265.0,175.0,355.0,6
1,G0208-000001,generated-day-2,,A00294,24,6.613,10.034,5,37,3704,,,93600.0,136800.0,220.0,165.0,138.0,24
1,G0208-000001,generated-day-2,,A00080,6,9.336,15.398,7,22,2204,,,93600.0,136800.0,176.0,264.0,316.0,6
1,G0208-000001,generated-day-2,,A01082,144,76.17,18.842,4,42,4200,,,93600.0,136800.0,410.0,270.0,175.0,24
1,G0208-000001,generated-day-2,,A01208,6,7.852,12.316,3,6,600,,,93600.0,136800.0,250.0,167.0,295.0,6
1,G0208-000001,generated-day-2,,A00523,25,5.58,75.687,7,0,4,,,93600.0,136800.0,400.0,600.0,280.0,25
1,G0208-000001,generated-day-2,,A00727,12,18.706,14.81,7,5,504,,,93600.0,136800.0,261.0,173.0,328.0,6
1,G0208-000001,generated-day-2,,A00149,8,12.462,12.261,7,37,3702,,,93600.0,136800.0,196.0,196.0,300.0,4
1,G0208-000001,generated-day-2,,A00901,24,8.554,13.158,5,35,3500,,,93600.0,136800.0,360.0,240.0,150.0,24
1,G0208-000001,generated-day-2,,A00589,24,13.132000000000001,9.658,5,7,700,,,93600.0,136800.0,275.0,207.0,173.0,12
1,G0208-000001,generated-day-2,,A00295,6,9.365,13.919,7,22,2200,,,93600.0,136800.0,250.0,167.0,315.0,6
1,G0208-000001,generated-day-2,,A00616,12,18.502,14.358,8,28,2800,,,93600.0,136800.0,260.0,172.0,320.0,6
1,G0208-000001,generated-day-2,,A00273,48,25.326,19.506,4,36,3600,,,93600.0,136800.0,400.0,270.0,168.0,24
1,G0208-000001,generated-day-2,,A00493,6,9.534,15.329,2,21,2104,,,93600.0,136800.0,272.0,165.0,334.0,6
1,G0208-000001,generated-day-2,,A01014,12,4.383,6.659,5,16,1602,,,93600.0,136800.0,239.0,177.0,150.0,12
1,G0208-000001,generated-day-2,,A00151,6,7.3919999999999995,10.935,3,36,3605,,,93600.0,136800.0,240.0,161.0,283.0,6
1,G0208-000001,generated-day-2,,A01046,6,6.392999999999999,13.029,7,16,1602,,,93600.0,136800.0,258.0,172.0,333.0,6
1,G0208-000001,generated-day-2,,A00245,42,54.187,14.072,7,9,900,,,93600.0,136800.0,268.0,178.0,303.0,6
1,G0208-000001,generated-day-2,,A00617,6,9.378,14.084,7,31,3104,,,93600.0,136800.0,259.0,171.0,318.0,6
1,G0208-000001,generated-day-2,,A00119,6,6.456,13.03,8,32,3204,,,93600.0,136800.0,240.0,160.0,292.0,6
1,G0208-000001,generated-day-2,,A00323,48,13.182,9.988,5,42,4200,,,93600.0,136800.0,329.0,220.0,138.0,24
1,G0208-000001,generated-day-2,,A00907,6,9.522,17.063,7,15,1500,,,93600.0,136800.0,281.0,188.0,323.0,6
1,G0208-000001,generated-day-2,,A01152,24,6.385,9.943,5,30,3000,,,93600.0,136800.0,330.0,220.0,138.0,24
1,G0208-000001,generated-day-2,,A00433,9,13.862,106.178,7,0,5,,,93600.0,136800.0,650.0,550.0,297.0,9
1,G0208-000001,generated-day-2,,A00625,6,7.189,11.919,3,24,2402,,,93600.0,136800.0,155.0,230.0,315.0,6
1,G0208-000001,generated-day-2,,A00758,9,13.862,106.178,7,0,5,,,93600.0,136800.0,650.0,550.0,297.0,9
1,G0208-000001,generated-day-2,,A00814,8,12.744,11.777,7,41,4102,,,93600.0,136800.0,196.0,196.0,300.0,4
1,G0208-000001,generated-day-2,,A00574,24,8.573,13.25,5,37,3700,,,93600.0,136800.0,358.0,239.0,147.0,24
1,G0208-000001,generated-day-2,,A00239,12,4.148,6.76,5,24,2404,,,93600.0,136800.0,249.0,181.0,150.0,12
1,G0208-000001,generated-day-2,,A00250,24,12.607,19.863,4,41,4102,,,93600.0,136800.0,249.0,170.0,298.0,24
1,G0208-000001,generated-day-2,,A00049,6,9.319,16.365,7,12,1202,,,93600.0,136800.0,265.0,175.0,330.0,6
1,G0208-000001,generated-day-2,,A00773,24,5.264,4.315,6,9,904,,,93600.0,136800.0,222.0,169.0,115.0,12
1,G0208-000001,generated-day-2,,A00667,6,9.21,16.46,7,14,1402,,,93600.0,136800.0,258.0,172.0,333.0,6
1,G0208-000001,generated-day-2,,A00900,6,7.458,13.945,2,41,4102,,,93600.0,136800.0,266.0,176.0,288.0,6
1,G0208-000001,generated-day-2,,A00446,12,19.116,11.777,7,41,4102,,,93600.0,136800.0,196.0,196.0,300.0,4
1,G0208-000001,generated-day-2,,A00817,6,7.814,11.47,7,33,3300,,,93600.0,136800.0,252.0,138.0,327.0,6
1,G0208-000001,generated-day-2,,A00184,12,6.296999999999999,9.979,5,38,3804,,,93600.0,136800.0,280.0,206.0,173.0,12
1,G0208-000001,generated-day-2,,A00832,6,9.216,17.315,8,6,602,,,93600.0,136800.0,265.0,175.0,355.0,6
1,G0208-000001,generated-day-2,,A00118,6,8.05,14.583,7,23,2300,,,93600.0,136800.0,252.0,168.0,327.0,6
1,G0208-000001,generated-day-2,,A00859,6,6.455,10.912,8,27,2700,,,93600.0,136800.0,274.0,187.0,335.0,6
1,G0208-000001,generated-day-2,,A00931,6,7.054,12.408,2,24,2402,,,93600.0,136800.0,236.0,155.0,315.0,6
1,G0208-000001,generated-day-2,,A00737,6,8.11,15.148,1,26,2602,,,93600.0,136800.0,260.0,175.0,323.0,6
1,G0208-000001,generated-day-2,,A00282,18,27.887999999999998,16.524,7,13,1302,,,93600.0,136800.0,174.0,261.0,333.0,6
1,G0208-000001,generated-day-2,,A00390,24,36.599999999999994,13.115,7,35,3504,,,93600.0,136800.0,215.0,200.0,305.0,4
1,G0208-000001,generated-day-2,,A00012,6,8.367,16.317,1,36,3600,,,93600.0,136800.0,265.0,178.0,311.0,6
1,G0208-000001,generated-day-2,,A01091,6,9.523,17.431,8,13,1300,,,93600.0,136800.0,265.0,175.0,355.0,6
1,G0208-000001,generated-day-2,,A00568,4,4.955,7.978,6,38,3804,,,93600.0,136800.0,235.0,175.0,194.0,4
1,G0208-000001,generated-day-2,,A01227,18,19.395,11.746,8,49,4900,,,93600.0,136800.0,250.0,169.0,278.0,6
1,G0208-000001,generated-day-2,,A00626,12,12.456,10.807,8,34,3400,,,93600.0,136800.0,230.0,155.0,296.0,6
